<?xml version="1.0" encoding="UTF-8" standalone="no"?>
<galaxy>
    <star blackHole="false" name="Sol" numGasGiants="0" numPlanets="0" size="1.0" temp="100" x="0" y="0">
        <planet DIMID="0" dimMapping="" name="Earth">
            <isKnown>true</isKnown>
            <fogColor>1.0,1.0,1.0</fogColor>
            <skyColor>1.0,1.0,1.0</skyColor>
            <gravitationalMultiplier>100</gravitationalMultiplier>
            <orbitalDistance>100</orbitalDistance>
            <orbitalTheta>0</orbitalTheta>
            <orbitalPhi>0</orbitalPhi>
            <retrograde>false</retrograde>
            <avgTemperature>287</avgTemperature>
            <rotationalPeriod>24000</rotationalPeriod>
            <atmosphereDensity>100</atmosphereDensity>
            <generateCraters>false</generateCraters>
            <generateCaves>false</generateCaves>
            <generateVolcanos>false</generateVolcanos>
            <generateStructures>false</generateStructures>
            <generateGeodes>false</generateGeodes>
            <planet DIMID="100" name="Luna">
                <isKnown>true</isKnown>
                <fogColor>1.0,1.0,1.0</fogColor>
                <skyColor>1.0,1.0,1.0</skyColor>
                <gravitationalMultiplier>16</gravitationalMultiplier>
                <orbitalDistance>150</orbitalDistance>
                <orbitalTheta>0</orbitalTheta>
                <orbitalPhi>0</orbitalPhi>
                <retrograde>false</retrograde>
                <avgTemperature>208</avgTemperature>
                <rotationalPeriod>128000</rotationalPeriod>
                <atmosphereDensity>0</atmosphereDensity>
                <generateCraters>false</generateCraters>
                <generateCaves>false</generateCaves>
                <generateVolcanos>false</generateVolcanos>
                <generateStructures>false</generateStructures>
                <generateGeodes>false</generateGeodes>
                <biomeIds>advancedrocketry:moon;30,advancedrocketry:moondark;30</biomeIds>
            </planet>
        </planet>
        <planet DIMID="101" customIcon="lava" name="Mercury">
            <isKnown>false</isKnown>
            <fogColor>1.0,1.0,1.0</fogColor>
            <skyColor>0.0,0.0,0.0</skyColor>
            <gravitationalMultiplier>38</gravitationalMultiplier>
            <orbitalDistance>40</orbitalDistance>
            <orbitalTheta>0</orbitalTheta>
            <orbitalPhi>0</orbitalPhi>
            <retrograde>false</retrograde>
            <avgTemperature>476</avgTemperature>
            <rotationalPeriod>1400000</rotationalPeriod>
            <atmosphereDensity>120</atmosphereDensity>
            <generateCraters>false</generateCraters>
            <generateCaves>false</generateCaves>
            <generateVolcanos>false</generateVolcanos>
            <generateStructures>false</generateStructures>
            <generateGeodes>false</generateGeodes>
            <biomeIds>biomesoplenty:volcanic_island;30</biomeIds>
        </planet>
        <planet DIMID="102" customIcon="lava" name="Venus">
            <isKnown>false</isKnown>
            <fogColor>0.9,0.9,0.9</fogColor>
            <skyColor>0.0,0.0,0.0</skyColor>
            <gravitationalMultiplier>90</gravitationalMultiplier>
            <orbitalDistance>72</orbitalDistance>
            <orbitalTheta>0</orbitalTheta>
            <orbitalPhi>0</orbitalPhi>
            <retrograde>false</retrograde>
            <avgTemperature>355</avgTemperature>
            <rotationalPeriod>2784000</rotationalPeriod>
            <atmosphereDensity>120</atmosphereDensity>
            <generateCraters>false</generateCraters>
            <generateCaves>false</generateCaves>
            <generateVolcanos>false</generateVolcanos>
            <generateStructures>false</generateStructures>
            <generateGeodes>false</generateGeodes>
            <biomeIds>biomesoplenty:volcanic_island;30</biomeIds>
        </planet>
        <planet DIMID="103" customIcon="marslike" name="Mars">
            <isKnown>false</isKnown>
            <fogColor>0.9,0.6,0.1</fogColor>
            <skyColor>1.0,0.2,0.0</skyColor>
            <gravitationalMultiplier>38</gravitationalMultiplier>
            <orbitalDistance>105</orbitalDistance>
            <orbitalTheta>0</orbitalTheta>
            <orbitalPhi>0</orbitalPhi>
            <retrograde>false</retrograde>
            <avgTemperature>249</avgTemperature>
            <rotationalPeriod>20000</rotationalPeriod>
            <atmosphereDensity>0</atmosphereDensity>
            <generateCraters>false</generateCraters>
            <generateCaves>false</generateCaves>
            <generateVolcanos>false</generateVolcanos>
            <generateStructures>false</generateStructures>
            <generateGeodes>false</generateGeodes>
            <biomeIds>advancedrocketry:hotdryrock;30</biomeIds>
        </planet>
        <planet DIMID="104" customIcon="gasgiantred" name="Jupiter">
            <isKnown>false</isKnown>
            <GasGiant>true</GasGiant>
            <gas>hydrogen</gas>
            <gas>helium</gas>
            <fogColor>1.0,1.0,1.0</fogColor>
            <skyColor>1.0,1.0,1.0</skyColor>
            <gravitationalMultiplier>100</gravitationalMultiplier>
            <orbitalDistance>120</orbitalDistance>
            <orbitalTheta>0</orbitalTheta>
            <orbitalPhi>0</orbitalPhi>
            <retrograde>false</retrograde>
            <avgTemperature>262</avgTemperature>
            <rotationalPeriod>9900</rotationalPeriod>
            <atmosphereDensity>100</atmosphereDensity>
            <generateCraters>false</generateCraters>
            <generateCaves>false</generateCaves>
            <generateVolcanos>false</generateVolcanos>
            <generateStructures>false</generateStructures>
            <generateGeodes>false</generateGeodes>
            <planet DIMID="105" customIcon="moon" name="Io">
                <isKnown>false</isKnown>
                <fogColor>1.0,1.0,1.0</fogColor>
                <skyColor>1.0,1.0,1.0</skyColor>
                <gravitationalMultiplier>30</gravitationalMultiplier>
                <orbitalDistance>70</orbitalDistance>
                <orbitalTheta>0</orbitalTheta>
                <orbitalPhi>0</orbitalPhi>
                <retrograde>false</retrograde>
                <avgTemperature>305</avgTemperature>
                <rotationalPeriod>10000</rotationalPeriod>
                <atmosphereDensity>0</atmosphereDensity>
                <generateCraters>false</generateCraters>
                <generateCaves>false</generateCaves>
                <generateVolcanos>false</generateVolcanos>
                <generateStructures>false</generateStructures>
                <generateGeodes>false</generateGeodes>
                <biomeIds>advancedrocketry:moon;30,advancedrocketry:moondark;30</biomeIds>
            </planet>
            <planet DIMID="106" customIcon="waterworld" name="Europa">
                <isKnown>false</isKnown>
                <fogColor>1.0,1.0,1.0</fogColor>
                <skyColor>1.0,1.0,1.0</skyColor>
                <gravitationalMultiplier>30</gravitationalMultiplier>
                <orbitalDistance>90</orbitalDistance>
                <orbitalTheta>0</orbitalTheta>
                <orbitalPhi>90</orbitalPhi>
                <retrograde>false</retrograde>
                <avgTemperature>269</avgTemperature>
                <rotationalPeriod>10000</rotationalPeriod>
                <atmosphereDensity>0</atmosphereDensity>
                <generateCraters>false</generateCraters>
                <generateCaves>false</generateCaves>
                <generateVolcanos>false</generateVolcanos>
                <generateStructures>false</generateStructures>
                <generateGeodes>false</generateGeodes>
                <biomeIds>minecraft:frozen_ocean;30</biomeIds>
            </planet>
        </planet>
        <planet DIMID="107" customIcon="gasgiantblue" name="Saturn">
            <isKnown>false</isKnown>
            <hasRings>true</hasRings>
            <ringColor>0.4,0.4,0.7</ringColor>
            <GasGiant>true</GasGiant>
            <gas>hydrogen</gas>
            <gas>helium</gas>
            <fogColor>1.0,1.0,1.0</fogColor>
            <skyColor>1.0,1.0,1.0</skyColor>
            <gravitationalMultiplier>100</gravitationalMultiplier>
            <orbitalDistance>130</orbitalDistance>
            <orbitalTheta>0</orbitalTheta>
            <orbitalPhi>0</orbitalPhi>
            <retrograde>false</retrograde>
            <avgTemperature>252</avgTemperature>
            <rotationalPeriod>10600</rotationalPeriod>
            <atmosphereDensity>100</atmosphereDensity>
            <generateCraters>false</generateCraters>
            <generateCaves>false</generateCaves>
            <generateVolcanos>false</generateVolcanos>
            <generateStructures>false</generateStructures>
            <generateGeodes>false</generateGeodes>
            <planet DIMID="108" customIcon="moon" name="Titan">
                <isKnown>false</isKnown>
                <fogColor>1.0,1.0,1.0</fogColor>
                <skyColor>1.0,1.0,1.0</skyColor>
                <gravitationalMultiplier>30</gravitationalMultiplier>
                <orbitalDistance>100</orbitalDistance>
                <orbitalTheta>0</orbitalTheta>
                <orbitalPhi>120</orbitalPhi>
                <retrograde>false</retrograde>
                <avgTemperature>255</avgTemperature>
                <rotationalPeriod>12000</rotationalPeriod>
                <atmosphereDensity>0</atmosphereDensity>
                <generateCraters>false</generateCraters>
                <generateCaves>false</generateCaves>
                <generateVolcanos>false</generateVolcanos>
                <generateStructures>false</generateStructures>
                <generateGeodes>false</generateGeodes>
                <biomeIds>advancedrocketry:moon;30,advancedrocketry:moondark;30</biomeIds>
            </planet>
        </planet>
        <planet DIMID="109" customIcon="iceworld" name="Uranus">
            <isKnown>false</isKnown>
            <fogColor>0.9,0.9,0.9</fogColor>
            <skyColor>0.0,0.9,1.0</skyColor>
            <gravitationalMultiplier>89</gravitationalMultiplier>
            <orbitalDistance>150</orbitalDistance>
            <orbitalTheta>0</orbitalTheta>
            <orbitalPhi>0</orbitalPhi>
            <retrograde>false</retrograde>
            <avgTemperature>208</avgTemperature>
            <rotationalPeriod>17250</rotationalPeriod>
            <atmosphereDensity>0</atmosphereDensity>
            <generateCraters>false</generateCraters>
            <generateCaves>false</generateCaves>
            <generateVolcanos>false</generateVolcanos>
            <generateStructures>false</generateStructures>
            <generateGeodes>false</generateGeodes>
            <biomeIds>biomesoplenty:alps;30</biomeIds>
        </planet>
        <planet DIMID="110" customIcon="iceworld" name="Neptune">
            <isKnown>false</isKnown>
            <fogColor>1.0,1.0,1.0</fogColor>
            <skyColor>0.0,0.5,1.0</skyColor>
            <gravitationalMultiplier>110</gravitationalMultiplier>
            <orbitalDistance>180</orbitalDistance>
            <orbitalTheta>0</orbitalTheta>
            <orbitalPhi>0</orbitalPhi>
            <retrograde>false</retrograde>
            <avgTemperature>190</avgTemperature>
            <rotationalPeriod>21100</rotationalPeriod>
            <atmosphereDensity>0</atmosphereDensity>
            <generateCraters>false</generateCraters>
            <generateCaves>false</generateCaves>
            <generateVolcanos>false</generateVolcanos>
            <generateStructures>false</generateStructures>
            <generateGeodes>false</generateGeodes>
            <biomeIds>biomesoplenty:alps;30</biomeIds>
        </planet>
    </star>
    <star blackHole="false" name="Proxima Centauri" numGasGiants="0" numPlanets="0" size="1.0" temp="200" x="100" y="0">
        <planet DIMID="112" customIcon="earthlike" name="Terra Nova">
            <isKnown>false</isKnown>
            <fogColor>1.0,0.0,0.5</fogColor>
            <skyColor>1.0,0.0,1.0</skyColor>
            <gravitationalMultiplier>70</gravitationalMultiplier>
            <orbitalDistance>200</orbitalDistance>
            <orbitalTheta>0</orbitalTheta>
            <orbitalPhi>0</orbitalPhi>
            <retrograde>false</retrograde>
            <avgTemperature>407</avgTemperature>
            <rotationalPeriod>24000</rotationalPeriod>
            <atmosphereDensity>100</atmosphereDensity>
            <generateCraters>false</generateCraters>
            <generateCaves>false</generateCaves>
            <generateVolcanos>false</generateVolcanos>
            <generateStructures>false</generateStructures>
            <generateGeodes>false</generateGeodes>
            <biomeIds>biomesoplenty:crag;30</biomeIds>
        </planet>
        <planet DIMID="113" customIcon="lava" name="Novus">
            <isKnown>false</isKnown>
            <fogColor>1.0,0.0,0.5</fogColor>
            <skyColor>1.0,0.0,1.0</skyColor>
            <gravitationalMultiplier>75</gravitationalMultiplier>
            <orbitalDistance>80</orbitalDistance>
            <orbitalTheta>0</orbitalTheta>
            <orbitalPhi>0</orbitalPhi>
            <retrograde>false</retrograde>
            <avgTemperature>572</avgTemperature>
            <rotationalPeriod>12000</rotationalPeriod>
            <atmosphereDensity>0</atmosphereDensity>
            <generateCraters>false</generateCraters>
            <generateCaves>false</generateCaves>
            <generateVolcanos>false</generateVolcanos>
            <generateStructures>false</generateStructures>
            <generateGeodes>false</generateGeodes>
            <biomeIds>biomesoplenty:volcanic_island;30</biomeIds>
        </planet>
        <planet DIMID="114" customIcon="earthlike" name="Stella">
            <isKnown>false</isKnown>
            <fogColor>1.0,0.0,0.5</fogColor>
            <skyColor>1.0,0.0,1.0</skyColor>
            <gravitationalMultiplier>75</gravitationalMultiplier>
            <orbitalDistance>200</orbitalDistance>
            <orbitalTheta>0</orbitalTheta>
            <orbitalPhi>0</orbitalPhi>
            <retrograde>false</retrograde>
            <avgTemperature>407</avgTemperature>
            <rotationalPeriod>12000</rotationalPeriod>
            <atmosphereDensity>100</atmosphereDensity>
            <generateCraters>false</generateCraters>
            <generateCaves>false</generateCaves>
            <generateVolcanos>false</generateVolcanos>
            <generateStructures>false</generateStructures>
            <generateGeodes>false</generateGeodes>
            <biomeIds>biomesoplenty:sacred_springs;30</biomeIds>
        </planet>
        <planet DIMID="115" customIcon="marslike" name="Philucka">
            <isKnown>false</isKnown>
            <fogColor>1.0,0.0,0.5</fogColor>
            <skyColor>1.0,0.0,1.0</skyColor>
            <gravitationalMultiplier>75</gravitationalMultiplier>
            <orbitalDistance>100</orbitalDistance>
            <orbitalTheta>0</orbitalTheta>
            <orbitalPhi>0</orbitalPhi>
            <retrograde>false</retrograde>
            <avgTemperature>511</avgTemperature>
            <rotationalPeriod>12000</rotationalPeriod>
            <atmosphereDensity>0</atmosphereDensity>
            <generateCraters>false</generateCraters>
            <generateCaves>false</generateCaves>
            <generateVolcanos>false</generateVolcanos>
            <generateStructures>false</generateStructures>
            <generateGeodes>false</generateGeodes>
            <biomeIds>advancedrocketry:stormland;30</biomeIds>
        </planet>
        <planet DIMID="116" customIcon="gasgiantred" name="Hubble">
            <isKnown>false</isKnown>
            <GasGiant>true</GasGiant>
            <gas>oxygen</gas>
            <gas>hydrogen</gas>
            <gas>helium</gas>
            <fogColor>1.0,0.0,0.5</fogColor>
            <skyColor>1.0,0.0,1.0</skyColor>
            <gravitationalMultiplier>100</gravitationalMultiplier>
            <orbitalDistance>130</orbitalDistance>
            <orbitalTheta>0</orbitalTheta>
            <orbitalPhi>0</orbitalPhi>
            <retrograde>false</retrograde>
            <avgTemperature>504</avgTemperature>
            <rotationalPeriod>12000</rotationalPeriod>
            <atmosphereDensity>100</atmosphereDensity>
            <generateCraters>false</generateCraters>
            <generateCaves>false</generateCaves>
            <generateVolcanos>false</generateVolcanos>
            <generateStructures>false</generateStructures>
            <generateGeodes>false</generateGeodes>
        </planet>
        <planet DIMID="7" customIcon="earthlike" dimMapping="" name="Twilight">
            <isKnown>false</isKnown>
            <fogColor>1.0,0.0,0.5</fogColor>
            <skyColor>1.0,0.0,1.0</skyColor>
            <gravitationalMultiplier>95</gravitationalMultiplier>
            <orbitalDistance>200</orbitalDistance>
            <orbitalTheta>0</orbitalTheta>
            <orbitalPhi>0</orbitalPhi>
            <retrograde>false</retrograde>
            <avgTemperature>407</avgTemperature>
            <rotationalPeriod>12000</rotationalPeriod>
            <atmosphereDensity>100</atmosphereDensity>
            <generateCraters>false</generateCraters>
            <generateCaves>false</generateCaves>
            <generateVolcanos>false</generateVolcanos>
            <generateStructures>false</generateStructures>
            <generateGeodes>false</generateGeodes>
        </planet>
        <planet DIMID="111" customIcon="earthlike" name="Proxima B">
            <isKnown>false</isKnown>
            <fogColor>0.0,0.0,1.0</fogColor>
            <skyColor>0.0,1.0,0.0</skyColor>
            <gravitationalMultiplier>80</gravitationalMultiplier>
            <orbitalDistance>50</orbitalDistance>
            <orbitalTheta>0</orbitalTheta>
            <orbitalPhi>0</orbitalPhi>
            <retrograde>false</retrograde>
            <avgTemperature>814</avgTemperature>
            <rotationalPeriod>12000</rotationalPeriod>
            <atmosphereDensity>100</atmosphereDensity>
            <generateCraters>false</generateCraters>
            <generateCaves>false</generateCaves>
            <generateVolcanos>false</generateVolcanos>
            <generateStructures>false</generateStructures>
            <generateGeodes>false</generateGeodes>
            <biomeIds>advancedrocketry:crystalchasms;30</biomeIds>
        </planet>
    </star>
    <star blackHole="false" name="HD 42176" numGasGiants="0" numPlanets="0" size="1.0" temp="200" x="0" y="100">
        <planet DIMID="117" customIcon="gasgiantblue" name="KELT-1b">
            <isKnown>false</isKnown>
            <hasRings>true</hasRings>
            <ringColor>0.4,0.4,0.7</ringColor>
            <GasGiant>true</GasGiant>
            <gas>hydrogen</gas>
            <gas>helium</gas>
            <fogColor>0.0,0.0,1.0</fogColor>
            <skyColor>0.0,1.0,0.0</skyColor>
            <gravitationalMultiplier>100</gravitationalMultiplier>
            <orbitalDistance>35</orbitalDistance>
            <orbitalTheta>0</orbitalTheta>
            <orbitalPhi>0</orbitalPhi>
            <retrograde>false</retrograde>
            <avgTemperature>973</avgTemperature>
            <rotationalPeriod>4000</rotationalPeriod>
            <atmosphereDensity>100</atmosphereDensity>
            <generateCraters>false</generateCraters>
            <generateCaves>false</generateCaves>
            <generateVolcanos>false</generateVolcanos>
            <generateStructures>false</generateStructures>
            <generateGeodes>false</generateGeodes>
        </planet>
        <planet DIMID="118" customIcon="waterworld" name="KELT-2ab">
            <isKnown>false</isKnown>
            <fogColor>1.0,0.0,0.5</fogColor>
            <skyColor>1.0,0.0,1.0</skyColor>
            <gravitationalMultiplier>120</gravitationalMultiplier>
            <orbitalDistance>40</orbitalDistance>
            <orbitalTheta>0</orbitalTheta>
            <orbitalPhi>0</orbitalPhi>
            <retrograde>false</retrograde>
            <avgTemperature>809</avgTemperature>
            <rotationalPeriod>8000</rotationalPeriod>
            <atmosphereDensity>0</atmosphereDensity>
            <generateCraters>false</generateCraters>
            <generateCaves>false</generateCaves>
            <generateVolcanos>false</generateVolcanos>
            <generateStructures>false</generateStructures>
            <generateGeodes>false</generateGeodes>
            <biomeIds>minecraft:frozen_ocean;30</biomeIds>
        </planet>
        <planet DIMID="119" customIcon="marslike" name="KELT-3">
            <isKnown>false</isKnown>
            <fogColor>1.0,0.0,0.5</fogColor>
            <skyColor>1.0,0.0,1.0</skyColor>
            <gravitationalMultiplier>120</gravitationalMultiplier>
            <orbitalDistance>80</orbitalDistance>
            <orbitalTheta>0</orbitalTheta>
            <orbitalPhi>0</orbitalPhi>
            <retrograde>false</retrograde>
            <avgTemperature>572</avgTemperature>
            <rotationalPeriod>8000</rotationalPeriod>
            <atmosphereDensity>0</atmosphereDensity>
            <generateCraters>false</generateCraters>
            <generateCaves>false</generateCaves>
            <generateVolcanos>false</generateVolcanos>
            <generateStructures>false</generateStructures>
            <generateGeodes>false</generateGeodes>
            <biomeIds>advancedrocketry:hotdryrock;30</biomeIds>
        </planet>
    </star>
    <star blackHole="false" name="HD 63776" numGasGiants="0" numPlanets="0" size="1.0" temp="200" x="100" y="100">
        <planet DIMID="120" customIcon="iceworld" name="KELT-4ab">
            <isKnown>false</isKnown>
            <hasRings>true</hasRings>
            <ringColor>0.4,0.4,0.7</ringColor>
            <fogColor>0.0,0.0,1.0</fogColor>
            <skyColor>0.0,1.0,0.0</skyColor>
            <gravitationalMultiplier>60</gravitationalMultiplier>
            <orbitalDistance>100</orbitalDistance>
            <orbitalTheta>0</orbitalTheta>
            <orbitalPhi>0</orbitalPhi>
            <retrograde>false</retrograde>
            <avgTemperature>511</avgTemperature>
            <rotationalPeriod>10000</rotationalPeriod>
            <atmosphereDensity>0</atmosphereDensity>
            <generateCraters>false</generateCraters>
            <generateCaves>false</generateCaves>
            <generateVolcanos>false</generateVolcanos>
            <generateStructures>false</generateStructures>
            <generateGeodes>false</generateGeodes>
            <biomeIds>biomesoplenty:alps;30</biomeIds>
        </planet>
        <planet DIMID="121" customIcon="earthlike" name="KELT-6a">
            <isKnown>false</isKnown>
            <fogColor>1.0,0.0,0.5</fogColor>
            <skyColor>1.0,0.0,1.0</skyColor>
            <gravitationalMultiplier>70</gravitationalMultiplier>
            <orbitalDistance>110</orbitalDistance>
            <orbitalTheta>0</orbitalTheta>
            <orbitalPhi>0</orbitalPhi>
            <retrograde>false</retrograde>
            <avgTemperature>487</avgTemperature>
            <rotationalPeriod>180000</rotationalPeriod>
            <atmosphereDensity>0</atmosphereDensity>
            <generateCraters>false</generateCraters>
            <generateCaves>false</generateCaves>
            <generateVolcanos>false</generateVolcanos>
            <generateStructures>false</generateStructures>
            <generateGeodes>false</generateGeodes>
            <biomeIds>advancedrocketry:moon;30,advancedrocketry:moondark;30</biomeIds>
        </planet>
        <planet DIMID="122" customIcon="lava" name="Kepler 0118">
            <isKnown>false</isKnown>
            <hasRings>true</hasRings>
            <ringColor>0.4,0.4,0.7</ringColor>
            <fogColor>0.0,0.0,1.0</fogColor>
            <skyColor>0.0,1.0,0.0</skyColor>
            <gravitationalMultiplier>60</gravitationalMultiplier>
            <orbitalDistance>130</orbitalDistance>
            <orbitalTheta>0</orbitalTheta>
            <orbitalPhi>0</orbitalPhi>
            <retrograde>false</retrograde>
            <avgTemperature>448</avgTemperature>
            <rotationalPeriod>18000</rotationalPeriod>
            <atmosphereDensity>0</atmosphereDensity>
            <generateCraters>false</generateCraters>
            <generateCaves>false</generateCaves>
            <generateVolcanos>false</generateVolcanos>
            <generateStructures>false</generateStructures>
            <generateGeodes>false</generateGeodes>
            <biomeIds>biomesoplenty:volcanic_island;30</biomeIds>
        </planet>
        <planet DIMID="123" customIcon="marslike" name="Kepler 0119">
            <isKnown>false</isKnown>
            <fogColor>0.0,0.0,1.0</fogColor>
            <skyColor>0.0,1.0,0.0</skyColor>
            <gravitationalMultiplier>60</gravitationalMultiplier>
            <orbitalDistance>140</orbitalDistance>
            <orbitalTheta>0</orbitalTheta>
            <orbitalPhi>0</orbitalPhi>
            <retrograde>false</retrograde>
            <avgTemperature>432</avgTemperature>
            <rotationalPeriod>100000</rotationalPeriod>
            <atmosphereDensity>0</atmosphereDensity>
            <generateCraters>false</generateCraters>
            <generateCaves>false</generateCaves>
            <generateVolcanos>false</generateVolcanos>
            <generateStructures>false</generateStructures>
            <generateGeodes>false</generateGeodes>
            <biomeIds>advancedrocketry:hotdryrock;30</biomeIds>
        </planet>
    </star>
</galaxy>
