{
  "nuclearcraft:root": {
    "criteria": {
      "location": "2024-11-29 06:39:54 +0000"
    },
    "done": true
  },
  "astralsorcery:root": {
    "criteria": {
      "astralsorcery_present": "2024-11-29 06:39:55 +0000"
    },
    "done": true
  },
  "iceandfire:iceandfire/root": {
    "criteria": {
      "tick": "2024-11-29 06:39:55 +0000"
    },
    "done": true
  },
  "minecraft:adventure/adventuring_time": {
    "criteria": {
      "plains": "2024-11-29 06:39:54 +0000"
    },
    "done": false
  }
}